UNCode,CountryCode,Country
AEAJM,AE,UAE
AEAUH,AE,UAE
AEDXB,AE,UAE
AEFJR,AE,UAE
AEJEA,AE,UAE
AEKHL,AE,UAE
AEKLF,AE,UAE
AEMKH,AE,UAE
AEMSA,AE,UAE
AEMZD,AE,UAE
AEPRA,AE,UAE
AEQIW,AE,UAE
AERKT,AE,UAE
AERUW,AE,UAE
AGSJO,AG,Antigua & Barbuda
AIAXA,AI,Anguilla
ALDRZ,AL,Albania
ALVOA,AL,Albania
ANEUX,AN,Netherlands Antilles
ANKRA,AN,Netherlands Antilles
ANPHI,AN,Netherlands Antilles
AOAZZ,AO,Angola
AOCAB,AO,Angola
AOLAD,AO,Angola
AOLOB,AO,Angola
AOMAL,AO,Angola
AOMSZ,AO,Angola
AOPBM,AO,Angola
AOSZA,AO,Angola
ARBHI,AR,Argentina
ARBUE,AR,Argentina
ARCOU,AR,Argentina
ARLPG,AR,Argentina
ARMDQ,AR,Argentina
ARPMY,AR,Argentina
ARPUD,AR,Argentina
ARROS,AR,Argentina
ARSAE,AR,Argentina
ARUSH,AR,Argentina
ARZAE,AR,Argentina
ASPPG,AS,American Samoa
ATKRE,AT,Austria
ATVIE,AT,Austria
AUADL,AU,Australia
AUBEL,AU,Australia
AUBME,AU,Australia
AUBNE,AU,Australia
AUBUY,AU,Australia
AUBWT,AU,Australia
AUCNS,AU,Australia
AUDAM,AU,Australia
AUDPO,AU,Australia
AUDRW,AU,Australia
AUEPR,AU,Australia
AUFRE,AU,Australia
AUGEX,AU,Australia
AUGLT,AU,Australia
AUGOV,AU,Australia
AUGRA,AU,Australia
AUHBA,AU,Australia
AUHIS,AU,Australia
AUIFL,AU,Australia
AULST,AU,Australia
AUMEL,AU,Australia
AUMIB,AU,Australia
AUMKY,AU,Australia
AUNTL,AU,Australia
AUOGU,AU,Australia
AUPBT,AU,Australia
AUPHE,AU,Australia
AUPJK,AU,Australia
AUPKL,AU,Australia
AUPPI,AU,Australia
AUPTL,AU,Australia
AUROW,AU,Australia
AUSYD,AU,Australia
AUTSV,AU,Australia
AUWEI,AU,Australia
AUWSY,AU,Australia
AUWYD,AU,Australia
AUYAM,AU,Australia
AUYBA,AU,Australia
AWBAR,AW,Aruba
AWORJ,AW,Aruba
AZBAK,AZ,Azerbaijan
BBBGI,BB,Barbados
BDCGP,BD,Bangladesh
BDCHL,BD,Bangladesh
BDMGL,BD,Bangladesh
BDPGN,BD,Bangladesh
BEANR,BE,Belgium
BEGNE,BE,Belgium
BELGG,BE,Belgium
BENRY,BE,Belgium
BEOST,BE,Belgium
BEWIK,BE,Belgium
BEZEE,BE,Belgium
BGBOJ,BG,Bulgaria
BGRDU,BG,Bulgaria
BGVAR,BG,Bulgaria
BHMIN,BH,Bahrain
BJCOO,BJ,Benin
BMBDA,BM,Bermuda
BMFPT,BM,Bermuda
BNKUB,BN,Brunei
BNMUA,BN,Brunei
BQKRA,BQ,"Bonaire, St Eustatius and Saba"
BRARB,BR,Brazil
BRBEL,BR,Brazil
BRBTB,BR,Brazil
BRCDO,BR,Brazil
BRFOR,BR,Brazil
BRIBB,BR,Brazil
BRIGI,BR,Brazil
BRIIC,BR,Brazil
BRIOA,BR,Brazil
BRIOS,BR,Brazil
BRIQI,BR,Brazil
BRITJ,BR,Brazil
BRMAO,BR,Brazil
BRMCP,BR,Brazil
BRMCZ,BR,Brazil
BRNAT,BR,Brazil
BRNVT,BR,Brazil
BROBI,BR,Brazil
BRPCL,BR,Brazil
BRPEC,BR,Brazil
BRPNG,BR,Brazil
BRPOA,BR,Brazil
BRPRM,BR,Brazil
BRPVH,BR,Brazil
BRREC,BR,Brazil
BRRIG,BR,Brazil
BRRIO,BR,Brazil
BRSAN,BR,Brazil
BRSFS,BR,Brazil
BRSSA,BR,Brazil
BRSSZ,BR,Brazil
BRSTM,BR,Brazil
BRSUA,BR,Brazil
BRTUB,BR,Brazil
BRVIC,BR,Brazil
BRVIX,BR,Brazil
BSASD,BS,Bahamas
BSBIM,BS,Bahamas
BSELE,BS,Bahamas
BSEXU,BS,Bahamas
BSFPO,BS,Bahamas
BSMHH,BS,Bahamas
BSNAS,BS,Bahamas
BZBGK,BZ,Belize
BZBZE,BZ,Belize
BZDGA,BZ,Belize
CABAS,CA,Canada
CABCO,CA,Canada
CABLH,CA,Canada
CABLK,CA,Canada
CABNI,CA,Canada
CABUO,CA,Canada
CABWD,CA,Canada
CACAM,CA,Canada
CACBK,CA,Canada
CACHM,CA,Canada
CACIL,CA,Canada
CACMS,CA,Canada
CACOX,CA,Canada
CACRO,CA,Canada
CADHS,CA,Canada
CADIG,CA,Canada
CADSA,CA,Canada
CAFOG,CA,Canada
CAFSD,CA,Canada
CAGBT,CA,Canada
CAGEO,CA,Canada
CAGMA,CA,Canada
CAGOO,CA,Canada
CAHAL,CA,Canada
CAHAM,CA,Canada
CAKTM,CA,Canada
CALIV,CA,Canada
CALMN,CA,Canada
CALWP,CA,Canada
CAMGN,CA,Canada
CAMNE,CA,Canada
CAMTR,CA,Canada
CANNO,CA,Canada
CANSY,CA,Canada
CANWE,CA,Canada
CANWP,CA,Canada
CAPAQ,CA,Canada
CAPHY,CA,Canada
CAPML,CA,Canada
CAPOW,CA,Canada
CAPRR,CA,Canada
CAPTO,CA,Canada
CAQUE,CA,Canada
CARAM,CA,Canada
CARDL,CA,Canada
CARIT,CA,Canada
CASBU,CA,Canada
CASDY,CA,Canada
CASJB,CA,Canada
CASJF,CA,Canada
CASKI,CA,Canada
CASOR,CA,Canada
CASOU,CA,Canada
CASQA,CA,Canada
CASSE,CA,Canada
CATAD,CA,Canada
CATOR,CA,Canada
CATRR,CA,Canada
CATUK,CA,Canada
CAVAN,CA,Canada
CAWEL,CA,Canada
CAWND,CA,Canada
CAWOI,CA,Canada
CAYBX,CA,Canada
CAYCI,CA,Canada
CAYRH,CA,Canada
CAYZS,CA,Canada
CAZUC,CA,Canada
CCCCK,CC,Cocos Islands
CDBNW,CD,Congo Democratic Republic
CDBOA,CD,Congo Democratic Republic
CDMAT,CD,Congo Democratic Republic
CGPNR,CG,Congo Republic
CHBFL,CH,Switzerland
CHBSL,CH,Switzerland
CIABJ,CI,Cote D'Ivoire
CISPY,CI,Cote D'Ivoire
CKAIT,CK,Cook Islands
CKAVA,CK,Cook Islands
CKRAR,CK,Cook Islands
CLANF,CL,Chile
CLARI,CL,Chile
CLCHB,CL,Chile
CLCLD,CL,Chile
CLCNL,CL,Chile
CLCNR,CL,Chile
CLCQQ,CL,Chile
CLIQQ,CL,Chile
CLLQN,CL,Chile
CLMJS,CL,Chile
CLPAG,CL,Chile
CLPCH,CL,Chile
CLPMC,CL,Chile
CLPNT,CL,Chile
CLPTE,CL,Chile
CLPUQ,CL,Chile
CLSAI,CL,Chile
CLSVE,CL,Chile
CLTAL,CL,Chile
CLVAP,CL,Chile
CLWPU,CL,Chile
CMDLA,CM,Cameroon
CMKBI,CM,Cameroon
CNAQG,CN,China
CNBHY,CN,China
CNCAN,CN,China
CNCFD,CN,China
CNCGU,CN,China
CNCKG,CN,China
CNCLJ,CN,China
CNCWN,CN,China
CNCZX,CN,China
CNDCB,CN,China
CNDDG,CN,China
CNDFE,CN,China
CNDGG,CN,China
CNDJK,CN,China
CNDLC,CN,China
CNDSN,CN,China
CNFAN,CN,China
CNFOC,CN,China
CNFQG,CN,China
CNGZG,CN,China
CNHAA,CN,China
CNHAK,CN,China
CNHME,CN,China
CNHMN,CN,China
CNHNH,CN,China
CNHSI,CN,China
CNHUA,CN,China
CNHUI,CN,China
CNJGY,CN,China
CNJIU,CN,China
CNJIX,CN,China
CNJMN,CN,China
CNJNZ,CN,China
CNJTG,CN,China
CNJZU,CN,China
CNLKU,CN,China
CNLYG,CN,China
CNLZU,CN,China
CNMAA,CN,China
CNMJS,CN,China
CNMWN,CN,China
CNNAH,CN,China
CNNGB,CN,China
CNNJG,CN,China
CNNSA,CN,China
CNNTG,CN,China
CNPAJ,CN,China
CNQLN,CN,China
CNQZH,CN,China
CNQZJ,CN,China
CNRZH,CN,China
CNSHA,CN,China
CNSHD,CN,China
CNSHK,CN,China
CNSHP,CN,China
CNSNS,CN,China
CNSWA,CN,China
CNSZX,CN,China
CNTAG,CN,China
CNTAO,CN,China
CNTAS,CN,China
CNTGS,CN,China
CNTIZ,CN,China
CNTJP,CN,China
CNWEF,CN,China
CNWEI,CN,China
CNWHI,CN,China
CNWIH,CN,China
CNWIT,CN,China
CNWNZ,CN,China
CNWUH,CN,China
CNWUZ,CN,China
CNXGG,CN,China
CNXMN,CN,China
CNXNA,CN,China
CNYIC,CN,China
CNYIK,CN,China
CNYNT,CN,China
CNYPG,CN,China
CNYTN,CN,China
CNYZH,CN,China
CNZAP,CN,China
CNZGA,CN,China
CNZHA,CN,China
CNZHE,CN,China
CNZJG,CN,China
CNZPU,CN,China
CNZUH,CN,China
CNZZU,CN,China
COADZ,CO,Colombia
COBAQ,CO,Colombia
COBUN,CO,Colombia
COCTG,CO,Colombia
COLET,CO,Colombia
COPBO,CO,Colombia
COSMR,CO,Colombia
COTLU,CO,Colombia
COTRB,CO,Colombia
CRCAL,CR,Costa Rica
CRGLF,CR,Costa Rica
CRLIO,CR,Costa Rica
CRMOB,CR,Costa Rica
CUCFG,CU,Cuba
CUHAV,CU,Cuba
CUMAR,CU,Cuba
CUMOA,CU,Cuba
CUSCU,CU,Cuba
CVGRA,CV,Cape Verde
CVMIN,CV,Cape Verde
CVPAL,CV,Cape Verde
CVPON,CV,Cape Verde
CVRAI,CV,Cape Verde
CVSAR,CV,Cape Verde
CVTAR,CV,Cape Verde
CVVXE,CV,Cape Verde
CWWIL,CW,Curacao
CXFFC,CX,Christmas Island
CYFMG,CY,Cyprus
CYKYR,CY,Cyprus
CYLCA,CY,Cyprus
CYLMS,CY,Cyprus
CZDCB,CZ,Czech Republic
CZMEL,CZ,Czech Republic
CZPRG,CZ,Czech Republic
CZULN,CZ,Czech Republic
DEAAH,DE,Germany
DEAGE,DE,Germany
DEAND,DE,Germany
DEBKE,DE,Germany
DEBMK,DE,Germany
DEBON,DE,Germany
DEBRB,DE,Germany
DEBRE,DE,Germany
DEBRV,DE,Germany
DECGN,DE,Germany
DECUX,DE,Germany
DEDAG,DE,Germany
DEDEG,DE,Germany
DEDMG,DE,Germany
DEDRS,DE,Germany
DEDTM,DE,Germany
DEDUI,DE,Germany
DEDUS,DE,Germany
DEEME,DE,Germany
DEEMM,DE,Germany
DEFRA,DE,Germany
DEGER,DE,Germany
DEHAM,DE,Germany
DEHGE,DE,Germany
DEHGL,DE,Germany
DEJUI,DE,Germany
DEKAE,DE,Germany
DEKEH,DE,Germany
DEKEL,DE,Germany
DEKOB,DE,Germany
DEKRE,DE,Germany
DELBC,DE,Germany
DELEV,DE,Germany
DELGO,DE,Germany
DELIS,DE,Germany
DELUH,DE,Germany
DEMAG,DE,Germany
DEMAI,DE,Germany
DEMHG,DE,Germany
DEMUK,DE,Germany
DENHA,DE,Germany
DENOD,DE,Germany
DENOE,DE,Germany
DENRD,DE,Germany
DENSS,DE,Germany
DEPUT,DE,Germany
DEREG,DE,Germany
DERSA,DE,Germany
DERSK,DE,Germany
DESAS,DE,Germany
DESDD,DE,Germany
DESTR,DE,Germany
DESTS,DE,Germany
DETRV,DE,Germany
DEUCK,DE,Germany
DEWIS,DE,Germany
DEWLR,DE,Germany
DEWOE,DE,Germany
DEWVN,DE,Germany
DEWYK,DE,Germany
DJDCT,DJ,Djibouti
DJJIB,DJ,Djibouti
DKAAB,DK,Denmark
DKAAL,DK,Denmark
DKAAR,DK,Denmark
DKAGE,DK,Denmark
DKARK,DK,Denmark
DKBAG,DK,Denmark
DKBOS,DK,Denmark
DKCPH,DK,Denmark
DKEBJ,DK,Denmark
DKEBT,DK,Denmark
DKEDL,DK,Denmark
DKFAA,DK,Denmark
DKFDH,DK,Denmark
DKFRC,DK,Denmark
DKFYH,DK,Denmark
DKGED,DK,Denmark
DKGRE,DK,Denmark
DKHAN,DK,Denmark
DKHBK,DK,Denmark
DKHIR,DK,Denmark
DKHLS,DK,Denmark
DKHNB,DK,Denmark
DKHOR,DK,Denmark
DKHUN,DK,Denmark
DKHWO,DK,Denmark
DKKAL,DK,Denmark
DKKOG,DK,Denmark
DKKOK,DK,Denmark
DKKOL,DK,Denmark
DKKRR,DK,Denmark
DKMID,DK,Denmark
DKMRR,DK,Denmark
DKMRS,DK,Denmark
DKNDB,DK,Denmark
DKNEX,DK,Denmark
DKRKB,DK,Denmark
DKRNN,DK,Denmark
DKROD,DK,Denmark
DKSJO,DK,Denmark
DKSKA,DK,Denmark
DKSOB,DK,Denmark
DKSPB,DK,Denmark
DKSVE,DK,Denmark
DKTRS,DK,Denmark
DKVES,DK,Denmark
DMRSU,DM,Dominica
DOBCC,DO,Dominican Republic
DOCAU,DO,Dominican Republic
DOCBJ,DO,Dominican Republic
DOHAI,DO,Dominican Republic
DOLRM,DO,Dominican Republic
DOMAN,DO,Dominican Republic
DOPOP,DO,Dominican Republic
DOSDQ,DO,Dominican Republic
DZAAE,DZ,Algeria
DZALG,DZ,Algeria
DZAZW,DZ,Algeria
DZBJA,DZ,Algeria
DZDJE,DZ,Algeria
DZGHZ,DZ,Algeria
DZMOS,DZ,Algeria
DZORN,DZ,Algeria
DZSKI,DZ,Algeria
ECESM,EC,Ecuador
ECGYE,EC,Ecuador
ECMEC,EC,Ecuador
ECPBO,EC,Ecuador
ECPSJ,EC,Ecuador
EEHLT,EE,Estonia
EEKND,EE,Estonia
EEKUI,EE,Estonia
EEMUG,EE,Estonia
EENAR,EE,Estonia
EEPLA,EE,Estonia
EERHK,EE,Estonia
EESLM,EE,Estonia
EESRU,EE,Estonia
EESVI,EE,Estonia
EETGI,EE,Estonia
EETLL,EE,Estonia
EEVIR,EE,Estonia
EGADA,EG,Egypt
EGALY,EG,Egypt
EGDAM,EG,Egypt
EGEDK,EG,Egypt
EGHRG,EG,Egypt
EGNUW,EG,Egypt
EGPSD,EG,Egypt
EGSGA,EG,Egypt
EGSOK,EG,Egypt
EGSUZ,EG,Egypt
EGTCP,EG,Egypt
ERASA,ER,Eritrea
ERMSW,ER,Eritrea
ESACE,ES,Spain
ESAGA,ES,Spain
ESAGP,ES,Spain
ESALC,ES,Spain
ESALD,ES,Spain
ESALG,ES,Spain
ESAVS,ES,Spain
ESBCN,ES,Spain
ESBIO,ES,Spain
ESCAD,ES,Spain
ESCAR,ES,Spain
ESCAS,ES,Spain
ESCEU,ES,Ceuta
ESDNA,ES,Spain
ESFLD,ES,Spain
ESFRO,ES,Spain
ESFUE,ES,Spain
ESGAN,ES,Spain
ESGIJ,ES,Spain
ESHUV,ES,Spain
ESIBZ,ES,Spain
ESJAP,ES,Spain
ESLCG,ES,Spain
ESLCR,ES,Spain
ESLEI,ES,Spain
ESLPA,ES,Spain
ESMAD,ES,Spain
ESMAH,ES,Spain
ESMLN,ES,Melilla
ESMOT,ES,Spain
ESMPG,ES,Spain
ESPAS,ES,Spain
ESPMI,ES,Spain
ESPNY,ES,Spain
ESQFU,ES,Spain
ESQIU,ES,Spain
ESQLY,ES,Spain
ESROT,ES,Spain
ESSAA,ES,Spain
ESSAG,ES,Spain
ESSCT,ES,Spain
ESSDR,ES,Spain
ESSPC,ES,Spain
ESSSG,ES,Spain
ESSVQ,ES,Spain
ESTAR,ES,Spain
ESTRF,ES,Spain
ESVDH,ES,Spain
ESVGO,ES,Spain
ESVIL,ES,Spain
ESVLC,ES,Spain
FIECK,FI,Finland
FIHEL,FI,Finland
FIHKO,FI,Finland
FIHMN,FI,Finland
FIJOE,FI,Finland
FIKAS,FI,Finland
FIKEM,FI,Finland
FIKOK,FI,Finland
FIKTK,FI,Finland
FIKUO,FI,Finland
FILAN,FI,Finland
FILPP,FI,Finland
FIMHQ,FI,Finland
FIMTL,FI,Finland
FINLI,FI,Finland
FIOLU,FI,Finland
FIPOR,FI,Finland
FIPRS,FI,Finland
FIRAA,FI,Finland
FIRAU,FI,Finland
FITKU,FI,Finland
FITOR,FI,Finland
FIUKI,FI,Finland
FIVAA,FI,Finland
FIVKO,FI,Finland
FIVSS,FI,Finland
FJKXF,FJ,Fiji
FJLTK,FJ,Fiji
FJSUV,FJ,Fiji
FJSVU,FJ,Fiji
FJTVU,FJ,Fiji
FKPSY,FK,Falkland Islands
FMKSA,FM,Micronesia
FMPNI,FM,Micronesia
FMTKK,FM,Micronesia
FMYAP,FM,Micronesia
FOKOL,FO,Faroe Islands
FOTHO,FO,Faroe Islands
FRAJA,FR,France
FRBAS,FR,France
FRBAY,FR,France
FRBES,FR,France
FRBIA,FR,France
FRBOD,FR,France
FRBOL,FR,France
FRBON,FR,France
FRCER,FR,France
FRCFR,FR,France
FRCLY,FR,France
FRCQF,FR,France
FRCRT,FR,France
FRDIL,FR,France
FRDKK,FR,France
FRDPE,FR,France
FRFOS,FR,France
FRGFR,FR,France
FRHON,FR,France
FRILR,FR,France
FRLEH,FR,France
FRLLE,FR,France
FRLPE,FR,France
FRLRH,FR,France
FRLRT,FR,France
FRLVE,FR,France
FRMLH,FR,France
FRMRS,FR,France
FRMTX,FR,France
FRNCE,FR,France
FRNTE,FR,France
FRPOV,FR,France
FRPRP,FR,France
FRPSL,FR,France
FRPVO,FR,France
FRRAD,FR,France
FRROS,FR,France
FRSET,FR,France
FRSML,FR,France
FRSNG,FR,France
FRSXB,FR,France
FRTLN,FR,France
FRURO,FR,France
FRVAL,FR,France
GALBV,GA,Gabon
GAMYB,GA,Gabon
GAOWE,GA,Gabon
GAPOG,GA,Gabon
GB166,GB,United Kingdom
GBABD,GB,United Kingdom
GBAHN,GB,United Kingdom
GBARD,GB,United Kingdom
GBARE,GB,United Kingdom
GBAVO,GB,United Kingdom
GBBDI,GB,United Kingdom
GBBEL,GB,United Kingdom
GBBLY,GB,United Kingdom
GBBOS,GB,United Kingdom
GBBRR,GB,United Kingdom
GBBRS,GB,United Kingdom
GBBYC,GB,United Kingdom
GBCAG,GB,United Kingdom
GBCBA,GB,United Kingdom
GBCBT,GB,United Kingdom
GBCDF,GB,United Kingdom
GBCHE,GB,United Kingdom
GBCLJ,GB,United Kingdom
GBCMS,GB,United Kingdom
GBCNA,GB,United Kingdom
GBCNU,GB,United Kingdom
GBCOW,GB,United Kingdom
GBCSA,GB,United Kingdom
GBCSN,GB,United Kingdom
GBCTM,GB,United Kingdom
GBCUB,GB,United Kingdom
GBCVA,GB,United Kingdom
GBCYN,GB,United Kingdom
GBCYP,GB,United Kingdom
GBDAG,GB,United Kingdom
GBDFD,GB,United Kingdom
GBDGL,GB,United Kingdom
GBDNU,GB,United Kingdom
GBDUN,GB,United Kingdom
GBDVR,GB,United Kingdom
GBELL,GB,United Kingdom
GBEOI,GB,United Kingdom
GBFBU,GB,United Kingdom
GBFIO,GB,United Kingdom
GBFIS,GB,United Kingdom
GBFLE,GB,United Kingdom
GBFLH,GB,United Kingdom
GBFNH,GB,United Kingdom
GBFOL,GB,United Kingdom
GBFOY,GB,United Kingdom
GBFXT,GB,United Kingdom
GBGIG,GB,United Kingdom
GBGOO,GB,United Kingdom
GBGRG,GB,United Kingdom
GBGRK,GB,United Kingdom
GBGSY,GB,United Kingdom
GBGTY,GB,United Kingdom
GBGUR,GB,United Kingdom
GBGVS,GB,United Kingdom
GBHLY,GB,United Kingdom
GBHRW,GB,United Kingdom
GBHTP,GB,United Kingdom
GBHUL,GB,United Kingdom
GBHUT,GB,United Kingdom
GBHYM,GB,United Kingdom
GBILL,GB,United Kingdom
GBIMM,GB,United Kingdom
GBINV,GB,United Kingdom
GBION,GB,United Kingdom
GBIPS,GB,United Kingdom
GBIRL,GB,United Kingdom
GBISC,GB,United Kingdom
GBKCG,GB,United Kingdom
GBKGH,GB,United Kingdom
GBKLN,GB,United Kingdom
GBKOA,GB,United Kingdom
GBKWL,GB,United Kingdom
GBLAR,GB,United Kingdom
GBLBD,GB,United Kingdom
GBLER,GB,United Kingdom
GBLGP,GB,United Kingdom
GBLGS,GB,United Kingdom
GBLIV,GB,United Kingdom
GBLMA,GB,United Kingdom
GBLOL,GB,United Kingdom
GBLOW,GB,United Kingdom
GBLRZ,GB,United Kingdom
GBLVR,GB,United Kingdom
GBLYM,GB,United Kingdom
GBLYS,GB,United Kingdom
GBMED,GB,United Kingdom
GBMLG,GB,United Kingdom
GBMON,GB,United Kingdom
GBNDY,GB,United Kingdom
GBNEP,GB,United Kingdom
GBNHV,GB,United Kingdom
GBNRO,GB,United Kingdom
GBOBA,GB,United Kingdom
GBOLL,GB,United Kingdom
GBPAK,GB,United Kingdom
GBPEM,GB,United Kingdom
GBPEN,GB,United Kingdom
GBPFT,GB,United Kingdom
GBPHD,GB,United Kingdom
GBPLN,GB,United Kingdom
GBPLY,GB,United Kingdom
GBPME,GB,United Kingdom
GBPMR,GB,United Kingdom
GBPOO,GB,United Kingdom
GBPVD,GB,United Kingdom
GBRAS,GB,United Kingdom
GBRAY,GB,United Kingdom
GBRHB,GB,United Kingdom
GBRID,GB,United Kingdom
GBRMG,GB,United Kingdom
GBROY,GB,United Kingdom
GBRYD,GB,United Kingdom
GBSCO,GB,United Kingdom
GBSCR,GB,United Kingdom
GBSHO,GB,United Kingdom
GBSHS,GB,United Kingdom
GBSNS,GB,United Kingdom
GBSOU,GB,United Kingdom
GBSOY,GB,United Kingdom
GBSPY,GB,United Kingdom
GBSRX,GB,United Kingdom
GBSRY,GB,United Kingdom
GBSTO,GB,United Kingdom
GBSTR,GB,United Kingdom
GBSUN,GB,United Kingdom
GBSWA,GB,United Kingdom
GBTAB,GB,United Kingdom
GBTAI,GB,United Kingdom
GBTEE,GB,United Kingdom
GBTHP,GB,United Kingdom
GBTIL,GB,United Kingdom
GBTOB,GB,United Kingdom
GBTRE,GB,United Kingdom
GBTRN,GB,United Kingdom
GBTYN,GB,United Kingdom
GBUIG,GB,United Kingdom
GBULL,GB,United Kingdom
GBWEY,GB,United Kingdom
GBWMB,GB,United Kingdom
GBWPT,GB,United Kingdom
GBWRY,GB,United Kingdom
GBYMO,GB,United Kingdom
GDSTG,GD,Grenada
GEBUS,GE,Georgia
GEPTI,GE,Georgia
GFCAY,GF,French Guiana
GFDDC,GF,French Guiana
GGACI,GG,Guernsey
GGSPT,GG,Guernsey
GHTEM,GH,Ghana
GHTKD,GH,Ghana
GIGIB,GI,Gibraltar
GLGOH,GL,Greenland
GLJHS,GL,Greenland
GMBJL,GM,Gambia
GNCKY,GN,Guinea
GPBBR,GP,Guadeloupe
GPGBJ,GP,Guadeloupe
GPGUS,GP,Guadeloupe
GPMSB,GP,Guadeloupe
GPPTP,GP,Guadeloupe
GQBSG,GQ,Equatorial Guinea
GQLUB,GQ,Equatorial Guinea
GQSSG,GQ,Equatorial Guinea
GR994,GR,Greece
GR995,GR,Greece
GR996,GR,Greece
GR998,GR,Greece
GR999,GR,Greece
GRAEG,GR,Greece
GRAKO,GR,Greece
GRAMO,GR,Greece
GRAND,GR,Greece
GRANI,GR,Greece
GRAOK,GR,Greece
GRARM,GR,Greece
GRAST,GR,Greece
GRATN,GR,Greece
GRAXD,GR,Greece
GRCFU,GR,Greece
GRCHQ,GR,Greece
GRCRG,GR,Greece
GRDON,GR,Greece
GRELE,GR,Greece
GRFOL,GR,Greece
GRGLO,GR,Greece
GRGPA,GR,Greece
GRGYT,GR,Greece
GRHER,GR,Greece
GRHYD,GR,Greece
GRIGO,GR,Greece
GRIOS,GR,Greece
GRIRA,GR,Greece
GRITH,GR,Greece
GRIXE,GR,Greece
GRJIK,GR,Greece
GRJKH,GR,Greece
GRJMK,GR,Greece
GRJNX,GR,Greece
GRJSH,GR,Greece
GRJSI,GR,Greece
GRJSY,GR,Greece
GRJTR,GR,Greece
GRJTY,GR,Greece
GRKAS,GR,Greece
GRKEA,GR,Greece
GRKGS,GR,Greece
GRKIT,GR,Greece
GRKLX,GR,Greece
GRKMI,GR,Greece
GRKMS,GR,Greece
GRKOF,GR,Greece
GRKRE,GR,Greece
GRKSJ,GR,Greece
GRKST,GR,Greece
GRKTP,GR,Greece
GRKVA,GR,Greece
GRKYL,GR,Greece
GRKYT,GR,Greece
GRLAV,GR,Greece
GRLIP,GR,Greece
GRLRS,GR,Greece
GRLXS,GR,Greece
GRMHI,GR,Greece
GRMJT,GR,Greece
GRMLO,GR,Greece
GRMON,GR,Greece
GRNKV,GR,Greece
GRPAA,GR,Greece
GRPAS,GR,Greece
GRPAX,GR,Greece
GRPIR,GR,Greece
GRPKE,GR,Greece
GRPMS,GR,Greece
GRPTR,GR,Greece
GRQKG,GR,Greece
GRRAF,GR,Greece
GRRET,GR,Greece
GRRHO,GR,Greece
GRSAM,GR,Greece
GRSER,GR,Greece
GRSGR,GR,Greece
GRSHC,GR,Greece
GRSHI,GR,Greece
GRSII,GR,Greece
GRSKA,GR,Greece
GRSKG,GR,Greece
GRSKO,GR,Greece
GRSKU,GR,Greece
GRSMI,GR,Greece
GRSPE,GR,Greece
GRSYM,GR,Greece
GRTIL,GR,Greece
GRTIN,GR,Greece
GRVAT,GR,Greece
GRVLC,GR,Greece
GRVOL,GR,Greece
GRZTH,GR,Greece
GTCHR,GT,Guatemala
GTPBR,GT,Guatemala
GTPRQ,GT,Guatemala
GTSTC,GT,Guatemala
GUAPR,GU,Guam
GUPIT,GU,Guam
GWOXB,GW,Guinea-Bissau
GYGEO,GY,Guyana
HKHKG,HK,Hong Kong
HNGJA,HN,Honduras
HNLCE,HN,Honduras
HNPCA,HN,Honduras
HNPCR,HN,Honduras
HNRTB,HN,Honduras
HNSLO,HN,Honduras
HRBRB,HR,Croatia
HRBRI,HR,Croatia
HRCRS,HR,Croatia
HRDBV,HR,Croatia
HRHVA,HR,Croatia
HRKOR,HR,Croatia
HRKRK,HR,Croatia
HRLSZ,HR,Croatia
HRPLE,HR,Croatia
HRPOR,HR,Croatia
HRPUY,HR,Croatia
HRRJK,HR,Croatia
HRROV,HR,Croatia
HRSGD,HR,Croatia
HRSPU,HR,Croatia
HRSUP,HR,Croatia
HRVIS,HR,Croatia
HRVLK,HR,Croatia
HRZAD,HR,Croatia
HTCAP,HT,Haiti
HTLFF,HT,Haiti
HTPAP,HT,Haiti
HTSMC,HT,Haiti
HUBUD,HU,Hungary
IDAMP,ID,Indonesia
IDAMQ,ID,Indonesia
IDBDJ,ID,Indonesia
IDBEN,ID,Indonesia
IDBIT,ID,Indonesia
IDBKS,ID,Indonesia
IDBLW,ID,Indonesia
IDBOA,ID,Indonesia
IDBPN,ID,Indonesia
IDBTM,ID,Indonesia
IDBUN,ID,Indonesia
IDBUR,ID,Indonesia
IDBXT,ID,Indonesia
IDDJJ,ID,Indonesia
IDGTO,ID,Indonesia
IDJKT,ID,Indonesia
IDKBU,ID,Indonesia
IDKDI,ID,Indonesia
IDKID,ID,Indonesia
IDKOE,ID,Indonesia
IDKTG,ID,Indonesia
IDKUM,ID,Indonesia
IDLSW,ID,Indonesia
IDLUW,ID,Indonesia
IDMAK,ID,Indonesia
IDMES,ID,Indonesia
IDMKQ,ID,Indonesia
IDMOF,ID,Indonesia
IDMRK,ID,Indonesia
IDNNX,ID,Indonesia
IDPAL,ID,Indonesia
IDPAP,ID,Indonesia
IDPBJ,ID,Indonesia
IDPDG,ID,Indonesia
IDPER,ID,Indonesia
IDPKU,ID,Indonesia
IDPLM,ID,Indonesia
IDPNJ,ID,Indonesia
IDPNK,ID,Indonesia
IDPSS,ID,Indonesia
IDPTL,ID,Indonesia
IDSBG,ID,Indonesia
IDSLG,ID,Indonesia
IDSMQ,ID,Indonesia
IDSOQ,ID,Indonesia
IDSRG,ID,Indonesia
IDSRI,ID,Indonesia
IDSUB,ID,Indonesia
IDTBR,ID,Indonesia
IDTLI,ID,Indonesia
IDTMK,ID,Indonesia
IDTNJ,ID,Indonesia
IDTRK,ID,Indonesia
IDTTE,ID,Indonesia
IDTUA,ID,Indonesia
IDUPG,ID,Indonesia
IDWGP,ID,Indonesia
IEDLG,IE,Irish Republic
IEDRO,IE,Irish Republic
IEDUB,IE,Irish Republic
IEFOV,IE,Irish Republic
IEORK,IE,Irish Republic
IEROE,IE,Irish Republic
IEWAT,IE,Irish Republic
ILASH,IL,Israel
ILETH,IL,Israel
ILHFA,IL,Israel
INBOM,IN,India
INCCJ,IN,India
INCCU,IN,India
INCOK,IN,India
INDIG,IN,India
INDMT,IN,India
INENR,IN,India
INHAL,IN,India
INHZR,IN,India
INIXE,IN,India
INIXY,IN,India
INIXZ,IN,India
INJGD,IN,India
INKAK,IN,India
INKRI,IN,India
INKTP,IN,India
INMAA,IN,India
INMAH,IN,India
INMRM,IN,India
INMUN,IN,India
INNML,IN,India
INNPT,IN,India
INNSA,IN,India
INPAV,IN,India
INPBD,IN,India
INPRT,IN,India
INTUT,IN,India
INVTZ,IN,India
IQALF,IQ,Iraq
IQBSR,IQ,Iraq
IQKAZ,IQ,Iraq
IQUQR,IQ,Iraq
IRABD,IR,Iran
IRASA,IR,Iran
IRBAH,IR,Iran
IRBAZ,IR,Iran
IRBDH,IR,Iran
IRBKM,IR,Iran
IRBND,IR,Iran
IRBUZ,IR,Iran
IRKHO,IR,Iran
IRKIH,IR,Iran
IRZBR,IR,Iran
ISAKU,IS,Iceland
ISBIL,IS,Iceland
ISBOL,IS,Iceland
ISDAL,IS,Iceland
ISESK,IS,Iceland
ISFAS,IS,Iceland
ISFLA,IS,Iceland
ISGRF,IS,Iceland
ISGRT,IS,Iceland
ISHAF,IS,Iceland
ISHUS,IS,Iceland
ISISA,IS,Iceland
ISKEF,IS,Iceland
ISKOV,IS,Iceland
ISNES,IS,Iceland
ISNJA,IS,Iceland
ISOLV,IS,Iceland
ISPAT,IS,Iceland
ISRAU,IS,Iceland
ISREY,IS,Iceland
ISRFJ,IS,Iceland
ISSAU,IS,Iceland
ISSEY,IS,Iceland
ISSIG,IS,Iceland
ISSKA,IS,Iceland
ISSTR,IS,Iceland
ISSTY,IS,Iceland
ISTAL,IS,Iceland
ISTHH,IS,Iceland
ISVES,IS,Iceland
ISVPN,IS,Iceland
ITAMA,IT,Italy
ITANZ,IT,Italy
ITAOI,IT,Italy
ITATX,IT,Italy
ITAUG,IT,Italy
ITBDS,IT,Italy
ITBRI,IT,Italy
ITCAG,IT,Italy
ITCHI,IT,Italy
ITCLF,IT,Italy
ITCLS,IT,Italy
ITCPA,IT,Italy
ITCTA,IT,Italy
ITCVV,IT,Italy
ITCVX,IT,Italy
ITFAV,IT,Italy
ITFCO,IT,Italy
ITFOM,IT,Italy
ITGAE,IT,Italy
ITGAI,IT,Italy
ITGHE,IT,Italy
ITGIT,IT,Italy
ITGOA,IT,Italy
ITGPR,IT,Italy
ITISH,IT,Italy
ITLEV,IT,Italy
ITLIC,IT,Italy
ITLIP,IT,Italy
ITLIU,IT,Italy
ITLIV,IT,Italy
ITLMP,IT,Italy
ITMDA,IT,Italy
ITMDC,IT,Italy
ITMFR,IT,Italy
ITMIL,IT,Italy
ITMLZ,IT,Italy
ITMNF,IT,Italy
ITMRA,IT,Italy
ITMSN,IT,Italy
ITNAP,IT,Italy
ITOLB,IT,Italy
ITOTN,IT,Italy
ITOTO,IT,Italy
ITPAN,IT,Italy
ITPAU,IT,Italy
ITPAZ,IT,Italy
ITPEM,IT,Italy
ITPFE,IT,Italy
ITPIA,IT,Italy
ITPIO,IT,Italy
ITPMO,IT,Italy
ITPNG,IT,Italy
ITPNL,IT,Italy
ITPNZ,IT,Italy
ITPOZ,IT,Italy
ITPRJ,IT,Italy
ITPRO,IT,Italy
ITPSR,IT,Italy
ITPSS,IT,Italy
ITPTO,IT,Italy
ITPVE,IT,Italy
ITPZL,IT,Italy
ITRAN,IT,Italy
ITREG,IT,Italy
ITRMA,IT,Italy
ITRMI,IT,Italy
ITRRO,IT,Italy
ITSAL,IT,Italy
ITSIR,IT,Italy
ITSLA,IT,Italy
ITSPE,IT,Italy
ITSTE,IT,Italy
ITSTR,IT,Italy
ITSVN,IT,Italy
ITTAR,IT,Italy
ITTMI,IT,Italy
ITTMT,IT,Italy
ITTPS,IT,Italy
ITTRI,IT,Italy
ITTRS,IT,Italy
ITUST,IT,Italy
ITVCE,IT,Italy
ITVDA,IT,Italy
ITVDL,IT,Italy
ITVIE,IT,Italy
ITVSG,IT,Italy
ITVSO,IT,Italy
ITVTT,IT,Italy
ITVUL,IT,Italy
JE999,JE,Jersey
JESTH,JE,Jersey
JMKIN,JM,Jamaica
JMMBJ,JM,Jamaica
JOAQJ,JO,Jordan
JPABU,JP,Japan
JPAKA,JP,Japan
JPAKD,JP,Japan
JPAOJ,JP,Japan
JPASJ,JP,Japan
JPAXT,JP,Japan
JPBEP,JP,Japan
JPBPU,JP,Japan
JPCHB,JP,Japan
JPESS,JP,Japan
JPFKY,JP,Japan
JPFSK,JP,Japan
JPFUJ,JP,Japan
JPHHE,JP,Japan
JPHIJ,JP,Japan
JPHIM,JP,Japan
JPHKD,JP,Japan
JPHMD,JP,Japan
JPHSM,JP,Japan
JPHTC,JP,Japan
JPHTD,JP,Japan
JPHYU,JP,Japan
JPIAT,JP,Japan
JPIHA,JP,Japan
JPIKI,JP,Japan
JPIMB,JP,Japan
JPIMI,JP,Japan
JPIRK,JP,Japan
JPISS,JP,Japan
JPIWK,JP,Japan
JPIWN,JP,Japan
JPIYM,JP,Japan
JPIZS,JP,Japan
JPIZT,JP,Japan
JPKCZ,JP,Japan
JPKIJ,JP,Japan
JPKIS,JP,Japan
JPKIX,JP,Japan
JPKKJ,JP,Japan
JPKMI,JP,Japan
JPKMJ,JP,Japan
JPKND,JP,Japan
JPKNM,JP,Japan
JPKNZ,JP,Japan
JPKOJ,JP,Japan
JPKOK,JP,Japan
JPKRA,JP,Japan
JPKRE,JP,Japan
JPKRH,JP,Japan
JPKSM,JP,Japan
JPKUH,JP,Japan
JPKUM,JP,Japan
JPKWS,JP,Japan
JPKYK,JP,Japan
JPKZU,JP,Japan
JPMAI,JP,Japan
JPMII,JP,Japan
JPMIS,JP,Japan
JPMIZ,JP,Japan
JPMJR,JP,Japan
JPMKX,JP,Japan
JPMOJ,JP,Japan
JPMUR,JP,Japan
JPMYJ,JP,Japan
JPNAH,JP,Japan
JPNAN,JP,Japan
JPNAO,JP,Japan
JPNGO,JP,Japan
JPNGS,JP,Japan
JPOAR,JP,Japan
JPOAX,JP,Japan
JPOFT,JP,Japan
JPOGI,JP,Japan
JPOIT,JP,Japan
JPOKI,JP,Japan
JPOMZ,JP,Japan
JPONA,JP,Japan
JPOPA,JP,Japan
JPOSA,JP,Japan
JPOTK,JP,Japan
JPOTR,JP,Japan
JPRBJ,JP,Japan
JPRIS,JP,Japan
JPRYO,JP,Japan
JPSAE,JP,Japan
JPSBK,JP,Japan
JPSBS,JP,Japan
JPSEN,JP,Japan
JPSHJ,JP,Japan
JPSHS,JP,Japan
JPSKT,JP,Japan
JPSMB,JP,Japan
JPSMD,JP,Japan
JPSMJ,JP,Japan
JPSMN,JP,Japan
JPSMZ,JP,Japan
JPSSB,JP,Japan
JPSUK,JP,Japan
JPTAK,JP,Japan
JPTBS,JP,Japan
JPTBT,JP,Japan
JPTGO,JP,Japan
JPTHS,JP,Japan
JPTJI,JP,Japan
JPTKS,JP,Japan
JPTKY,JP,Japan
JPTMK,JP,Japan
JPTMZ,JP,Japan
JPTNE,JP,Japan
JPTNI,JP,Japan
JPTOI,JP,Japan
JPTOS,JP,Japan
JPTRD,JP,Japan
JPTRG,JP,Japan
JPTSJ,JP,Japan
JPTYO,JP,Japan
JPUBJ,JP,Japan
JPUKB,JP,Japan
JPUSK,JP,Japan
JPUWA,JP,Japan
JPWAK,JP,Japan
JPWKJ,JP,Japan
JPYAT,JP,Japan
JPYKK,JP,Japan
JPYOK,JP,Japan
JPYOS,JP,Japan
JPYWT,JP,Japan
KELAU,KE,Kenya
KEMBA,KE,Kenya
KHKOS,KH,Cambodia
KHPNH,KH,Cambodia
KITRW,KI,Kiribati
KMFOU,KM,Comoros
KMMUT,KM,Comoros
KMYVA,KM,Comoros
KNBAS,KN,St Kitts & Nevis
KNCHA,KN,St Kitts & Nevis
KNNEV,KN,St Kitts & Nevis
KPCHO,KP,North Korea
KPNAM,KP,North Korea
KPNJN,KP,North Korea
KR998,KR,South Korea
KR999,KR,South Korea
KRCHA,KR,South Korea
KRINC,KR,South Korea
KRKAN,KR,South Korea
KRKJE,KR,South Korea
KRKPO,KR,South Korea
KRKUV,KR,South Korea
KRMAS,KR,South Korea
KRMOK,KR,South Korea
KROKP,KR,South Korea
KRPTK,KR,South Korea
KRPUS,KR,South Korea
KRPYK,KR,South Korea
KRSEL,KR,South Korea
KRSHO,KR,South Korea
KRTGH,KR,South Korea
KRTJI,KR,South Korea
KRTSN,KR,South Korea
KRTYG,KR,South Korea
KRULG,KR,South Korea
KRUSN,KR,South Korea
KRWND,KR,South Korea
KRYOS,KR,South Korea
KWSAA,KW,Kuwait
KWSWK,KW,Kuwait
KYGEC,KY,Cayman Islands
KZAAU,KZ,Kazakhstan
KZAUU,KZ,Kazakhstan
LBBEY,LB,Lebanon
LBKYE,LB,Lebanon
LBQJN,LB,Lebanon
LBSUR,LB,Lebanon
LCCAS,LC,St Lucia
LCVIF,LC,St Lucia
LKCMB,LK,Sri Lanka
LRCPA,LR,Liberia
LRMLW,LR,Liberia
LRUCN,LR,Liberia
LTKLJ,LT,Lithuania
LVLPX,LV,Latvia
LVRIX,LV,Latvia
LVVNT,LV,Latvia
LYBEN,LY,Libya
LYDRX,LY,Libya
LYKHO,LY,Libya
LYLMQ,LY,Libya
LYMRA,LY,Libya
LYRLA,LY,Libya
LYTIP,LY,Libya
LYTOB,LY,Libya
MAAGA,MA,Morocco
MAAHU,MA,Morocco
MACAS,MA,Morocco
MAEUN,MA,Morocco
MANDR,MA,Morocco
MANNA,MA,Morocco
MAPTM,MA,Morocco
MASFI,MA,Morocco
MATFY,MA,Morocco
MATNG,MA,Morocco
MAVIL,MA,Morocco
MDGIU,MD,Moldova
MEBAR,ME,Montenegro
MEKOT,ME,Montenegro
MGDIE,MG,Madagascar
MGEHL,MG,Madagascar
MGMJN,MG,Madagascar
MGNOS,MG,Madagascar
MGPSL,MG,Madagascar
MGTLE,MG,Madagascar
MGTMM,MG,Madagascar
MGTNR,MG,Madagascar
MGVOH,MG,Madagascar
MHKWA,MH,Marshall Islands
MHMAJ,MH,Marshall Islands
MMRGN,MM,Myanmar
MMTLA,MM,Myanmar
MPSPN,MP,Northern Mariana Islands
MPTIQ,MP,Northern Mariana Islands
MQFDF,MQ,Martinique
MRNDB,MR,Mauritania
MRNKC,MR,Mauritania
MSPLY,MS,Montserrat
MTCKW,MT,Malta
MTFLO,MT,Malta
MTMAR,MT,Malta
MTMGZ,MT,Malta
MTMLA,MT,Malta
MUPLU,MU,Mauritius
MUPMA,MU,Mauritius
MVMLE,MV,Maldives
MXATM,MX,Mexico
MXCOA,MX,Mexico
MXCZM,MX,Mexico
MXESE,MX,Mexico
MXGYM,MX,Mexico
MXLAP,MX,Mexico
MXLZC,MX,Mexico
MXMZT,MX,Mexico
MXPIC,MX,Mexico
MXPMD,MX,Mexico
MXPMS,MX,Mexico
MXPRO,MX,Mexico
MXPUC,MX,Mexico
MXSCX,MX,Mexico
MXTAM,MX,Mexico
MXTPB,MX,Mexico
MXTUX,MX,Mexico
MXVER,MX,Mexico
MXZLO,MX,Mexico
MYBKI,MY,Malaysia
MYBTU,MY,Malaysia
MYJHB,MY,Malaysia
MYKCH,MY,Malaysia
MYKUA,MY,Malaysia
MYLBU,MY,Malaysia
MYLUM,MY,Malaysia
MYMKZ,MY,Malaysia
MYMYY,MY,Malaysia
MYPEN,MY,Malaysia
MYPGU,MY,Malaysia
MYPKG,MY,Malaysia
MYSBW,MY,Malaysia
MYSDK,MY,Malaysia
MYSPT,MY,Malaysia
MYTMP,MY,Malaysia
MYTPP,MY,Malaysia
MYTWU,MY,Malaysia
MZBEW,MZ,Mozambique
MZMNC,MZ,Mozambique
MZMPM,MZ,Mozambique
MZPOL,MZ,Mozambique
MZUEL,MZ,Mozambique
NALUD,NA,Namibia
NAWVB,NA,Namibia
NCBDB,NC,New Caledonia
NCNOU,NC,New Caledonia
NFNLK,NF,Norfolk Island
NGAPP,NG,Nigeria
NGCBQ,NG,Nigeria
NGLOS,NG,Nigeria
NGONN,NG,Nigeria
NGPHC,NG,Nigeria
NGSPL,NG,Nigeria
NGTIN,NG,Nigeria
NGWAR,NG,Nigeria
NICIO,NI,Nicaragua
NIELB,NI,Nicaragua
NIPUZ,NI,Nicaragua
NIRAM,NI,Nicaragua
NLAML,NL,Netherlands
NLAMS,NL,Netherlands
NLBON,NL,Netherlands
NLBOT,NL,Netherlands
NLDHR,NL,Netherlands
NLDZL,NL,Netherlands
NLEEM,NL,Netherlands
NLHAR,NL,Netherlands
NLHVH,NL,Netherlands
NLIJM,NL,Netherlands
NLLAN,NL,Netherlands
NLMOE,NL,Netherlands
NLNIJ,NL,Netherlands
NLROZ,NL,Netherlands
NLRTM,NL,Netherlands
NLSCE,NL,Netherlands
NLTEX,NL,Netherlands
NLTNZ,NL,Netherlands
NLVLA,NL,Netherlands
NLVLI,NL,Netherlands
NLVLL,NL,Netherlands
NOAES,NO,Norway
NOALF,NO,Norway
NOASV,NO,Norway
NOAVE,NO,Norway
NOBGO,NO,Norway
NOBJF,NO,Norway
NOBLS,NO,Norway
NOBNN,NO,Norway
NOBOG,NO,Norway
NOBOO,NO,Norway
NOBRO,NO,Norway
NOBVG,NO,Norway
NOBVK,NO,Norway
NODRM,NO,Norway
NOEGE,NO,Norway
NOFNE,NO,Norway
NOFRK,NO,Norway
NOFRO,NO,Norway
NOFUS,NO,Norway
NOGJM,NO,Norway
NOGLO,NO,Norway
NOHAL,NO,Norway
NOHAU,NO,Norway
NOHAV,NO,Norway
NOHEY,NO,Norway
NOHFT,NO,Norway
NOHLA,NO,Norway
NOHOR,NO,Norway
NOHOY,NO,Norway
NOHRD,NO,Norway
NOHUS,NO,Norway
NOHVG,NO,Norway
NOHVI,NO,Norway
NOHYR,NO,Norway
NOIKR,NO,Norway
NOKDL,NO,Norway
NOKIV,NO,Norway
NOKJF,NO,Norway
NOKKN,NO,Norway
NOKOP,NO,Norway
NOKRS,NO,Norway
NOKRV,NO,Norway
NOKSU,NO,Norway
NOKVD,NO,Norway
NOLAD,NO,Norway
NOLAR,NO,Norway
NOLER,NO,Norway
NOLND,NO,Norway
NOLOD,NO,Norway
NOLRI,NO,Norway
NOMAY,NO,Norway
NOMEH,NO,Norway
NOMJF,NO,Norway
NOMOL,NO,Norway
NOMON,NO,Norway
NOMSK,NO,Norway
NOMSS,NO,Norway
NONVK,NO,Norway
NONZH,NO,Norway
NOODD,NO,Norway
NOOKF,NO,Norway
NOORK,NO,Norway
NOORS,NO,Norway
NOOSL,NO,Norway
NOPOR,NO,Norway
NOREN,NO,Norway
NORSH,NO,Norway
NORVK,NO,Norway
NOSAD,NO,Norway
NOSAS,NO,Norway
NOSAT,NO,Norway
NOSAU,NO,Norway
NOSDI,NO,Norway
NOSKE,NO,Norway
NOSKN,NO,Norway
NOSKU,NO,Norway
NOSKX,NO,Norway
NOSKY,NO,Norway
NOSLA,NO,Norway
NOSLV,NO,Norway
NOSLX,NO,Norway
NOSNE,NO,Norway
NOSPG,NO,Norway
NOSRD,NO,Norway
NOSRP,NO,Norway
NOSSJ,NO,Norway
NOSTO,NO,Norway
NOSUN,NO,Norway
NOSVE,NO,Norway
NOSVG,NO,Norway
NOSVI,NO,Norway
NOSVJ,NO,Norway
NOTAE,NO,Norway
NOTAU,NO,Norway
NOTON,NO,Norway
NOTOS,NO,Norway
NOTRD,NO,Norway
NOTRN,NO,Norway
NOUTN,NO,Norway
NOVAO,NO,Norway
NOVDO,NO,Norway
NOVDS,NO,Norway
NOVER,NO,Norway
NOVST,NO,Norway
NRINU,NR,Nauru
NUALO,NU,Niue
NZ999,NZ,New Zealand
NZAKL,NZ,New Zealand
NZBLU,NZ,New Zealand
NZDUD,NZ,New Zealand
NZLYT,NZ,New Zealand
NZMAP,NZ,New Zealand
NZNPE,NZ,New Zealand
NZNPL,NZ,New Zealand
NZNSN,NZ,New Zealand
NZONE,NZ,New Zealand
NZORR,NZ,New Zealand
NZPCN,NZ,New Zealand
NZPOE,NZ,New Zealand
NZTIU,NZ,New Zealand
NZTRG,NZ,New Zealand
NZWLG,NZ,New Zealand
NZWRE,NZ,New Zealand
NZWSZ,NZ,New Zealand
OMKHS,OM,Oman
OMSLL,OM,Oman
OMSOH,OM,Oman
OMSTQ,OM,Oman
PABLB,PA,Panama
PACHG,PA,Panama
PACSO,PA,Panama
PACTB,PA,Panama
PAGTN,PA,Panama
PAMIT,PA,Panama
PAMNP,PA,Panama
PAONX,PA,Panama
PAPAM,PA,Panama
PAPTY,PA,Panama
PAROD,PA,Panama
PECHM,PE,Peru
PECLL,PE,Peru
PEGSM,PE,Peru
PEILQ,PE,Peru
PEIQT,PE,Peru
PEMRI,PE,Peru
PEPAI,PE,Peru
PEPIO,PE,Peru
PESVY,PE,Peru
PFBOB,PF,French Polynesia
PFMOZ,PF,French Polynesia
PFPPT,PF,French Polynesia
PGBUA,PG,Papua New Guinea
PGGUR,PG,Papua New Guinea
PGKIE,PG,Papua New Guinea
PGKIM,PG,Papua New Guinea
PGKVG,PG,Papua New Guinea
PGLAE,PG,Papua New Guinea
PGLNV,PG,Papua New Guinea
PGLOR,PG,Papua New Guinea
PGMAG,PG,Papua New Guinea
PGMTK,PG,Papua New Guinea
PGPOM,PG,Papua New Guinea
PGPUR,PG,Papua New Guinea
PGRAB,PG,Papua New Guinea
PGROR,PG,Papua New Guinea
PGVAI,PG,Papua New Guinea
PGWWK,PG,Papua New Guinea
PHBCD,PH,Philippines
PHBPH,PH,Philippines
PHBTG,PH,Philippines
PHBUG,PH,Philippines
PHBUL,PH,Philippines
PHBXU,PH,Philippines
PHCBO,PH,Philippines
PHCBY,PH,Philippines
PHCEB,PH,Philippines
PHCGY,PH,Philippines
PHCLP,PH,Philippines
PHCSI,PH,Philippines
PHCTS,PH,Philippines
PHDGT,PH,Philippines
PHDPT,PH,Philippines
PHDVO,PH,Philippines
PHGES,PH,Philippines
PHIGN,PH,Philippines
PHILO,PH,Philippines
PHJAG,PH,Philippines
PHMAA,PH,Philippines
PHMBT,PH,Philippines
PHMNL,PH,Philippines
PHNAS,PH,Philippines
PHORC,PH,Philippines
PHOZC,PH,Philippines
PHPLC,PH,Philippines
PHPPS,PH,Philippines
PHPUL,PH,Philippines
PHRXS,PH,Philippines
PHSFS,PH,Philippines
PHSIS,PH,Philippines
PHSUG,PH,Philippines
PHTAC,PH,Philippines
PHTAG,PH,Philippines
PHTGO,PH,Philippines
PHVNV,PH,Philippines
PHZAM,PH,Philippines
PKGWD,PK,Pakistan
PKKHI,PK,Pakistan
PKQCT,PK,Pakistan
PLGDN,PL,Poland
PLGDY,PL,Poland
PLKOL,PL,Poland
PLNWA,PL,Poland
PLSWI,PL,Poland
PLSZZ,PL,Poland
PMFSP,PM,St Pierre & Miquelon
PMMQC,PM,St Pierre & Miquelon
PRCAT,PR,Puerto Rico
PRMAZ,PR,Puerto Rico
PRPSE,PR,Puerto Rico
PRSJU,PR,Puerto Rico
PTAVE,PT,Portugal
PTCNL,PT,Portugal Islands
PTFDF,PT,Portugal
PTFNC,PT,Portugal Islands
PTHOR,PT,Portugal Islands
PTLEI,PT,Portugal
PTLIS,PT,Portugal
PTPDL,PT,Portugal Islands
PTPIC,PT,Portugal Islands
PTPRG,PT,Portugal Islands
PTPRM,PT,Portugal
PTPRV,PT,Portugal Islands
PTPXO,PT,Portugal Islands
PTSCF,PT,Portugal Islands
PTSET,PT,Portugal
PTSIE,PT,Portugal
PTVDC,PT,Portugal
PTVDP,PT,Portugal Islands
PTVEL,PT,Portugal Islands
PTVNC,PT,Portugal Islands
PWROR,PW,Palau
PYASU,PY,Paraguay
QADOH,QA,Qatar
QAHMD,QA,Qatar
QAMES,QA,Qatar
QARLF,QA,Qatar
QAUMS,QA,Qatar
REPDG,RE,Reunion
ROBRA,RO,Romania
ROCND,RO,Romania
ROTCE,RO,Romania
RSBEG,RS,Serbia
RSPYJ,RS,Serbia
RUARH,RU,Russia
RUAZO,RU,Russia
RUBLT,RU,Russia
RUBRK,RU,Russia
RUDUD,RU,Russia
RUDYR,RU,Russia
RUEGV,RU,Russia
RUGDX,RU,Russia
RUGDZ,RU,Russia
RUKDT,RU,Russia
RUKGD,RU,Russia
RUKHO,RU,Russia
RUKOR,RU,Russia
RUKZP,RU,Russia
RULED,RU,Russia
RUMMK,RU,Russia
RUNJK,RU,Russia
RUNVS,RU,Russia
RUOYA,RU,Russia
RUPKC,RU,Russia
RUPVS,RU,Russia
RUPWE,RU,Russia
RUSKA,RU,Russia
RUSOC,RU,Russia
RUTAG,RU,Russia
RUTRK,RU,Russia
RUTUA,RU,Russia
RUULU,RU,Russia
RUVNN,RU,Russia
RUVVO,RU,Russia
RUVYG,RU,Russia
RUVYP,RU,Russia
RUZAR,RU,Russia
SADHU,SA,Saudi Arabia
SADMM,SA,Saudi Arabia
SAGIZ,SA,Saudi Arabia
SAJED,SA,Saudi Arabia
SAJUB,SA,Saudi Arabia
SAKAC,SA,Saudi Arabia
SARAB,SA,Saudi Arabia
SARUH,SA,Saudi Arabia
SAYNB,SA,Saudi Arabia
SBHIR,SB,Solomon Islands
SBNOR,SB,Solomon Islands
SBXYA,SB,Solomon Islands
SCMAW,SC,Seychelles
SCPOV,SC,Seychelles
SDKRT,SD,Sudan
SDPZU,SD,Sudan
SEAHU,SE,Sweden
SEBVK,SE,Sweden
SEGOT,SE,Sweden
SEGRH,SE,Sweden
SEGVX,SE,Sweden
SEHAD,SE,Sweden
SEHAH,SE,Sweden
SEHAK,SE,Sweden
SEHEL,SE,Sweden
SEHLD,SE,Sweden
SEHND,SE,Sweden
SEHUS,SE,Sweden
SEIGG,SE,Sweden
SEKAA,SE,Sweden
SEKAN,SE,Sweden
SEKPS,SE,Sweden
SEKSD,SE,Sweden
SELYS,SE,Sweden
SEMMA,SE,Sweden
SENRK,SE,Sweden
SENYN,SE,Sweden
SEOER,SE,Sweden
SEOSK,SE,Sweden
SEOXE,SE,Sweden
SEPIT,SE,Sweden
SESDL,SE,Sweden
SESFT,SE,Sweden
SESMD,SE,Sweden
SESOE,SE,Sweden
SESOL,SE,Sweden
SESTO,SE,Sweden
SETRG,SE,Sweden
SEUDD,SE,Sweden
SEUME,SE,Sweden
SEVAG,SE,Sweden
SEVBY,SE,Sweden
SEVST,SE,Sweden
SEVVK,SE,Sweden
SEWAL,SE,Sweden
SEYST,SE,Sweden
SGJUR,SG,Singapore
SGSIN,SG,Singapore
SHASI,SH,St Helena
SIKOP,SI,Slovenia
SILJU,SI,Slovenia
SIPIR,SI,Slovenia
SKBAB,SK,Slovakia
SKKNA,SK,Slovakia
SLFNA,SL,Sierra Leone
SLPEP,SL,Sierra Leone
SNDKR,SN,Senegal
SNZIG,SN,Senegal
SOBBO,SO,Somalia
SOKMU,SO,Somalia
SOMGQ,SO,Somalia
SRPBM,SR,Suriname
STTMS,ST,Sao Tome & Principe
SVAQJ,SV,El Salvador
SVLUN,SV,El Salvador
SVSAL,SV,El Salvador
SYLTK,SY,Syria
SYTTS,SY,Syria
TCGDT,TC,Turks & Caicos
TCPLS,TC,Turks & Caicos
TCXSC,TC,Turks & Caicos
TGLFW,TG,Togo
THBGP,TH,Thailand
THBKK,TH,Thailand
THHKT,TH,Thailand
THLCH,TH,Thailand
THMAT,TH,Thailand
THPAT,TH,Thailand
THRYG,TH,Thailand
THSAT,TH,Thailand
THSCS,TH,Thailand
THSGZ,TH,Thailand
THSRI,TH,Thailand
THUNN,TH,Thailand
TLDIL,TL,East Timor
TMKRW,TM,Turkmenistan
TNBIZ,TN,Tunisia
TNGAE,TN,Tunisia
TNHMM,TN,Tunisia
TNLGN,TN,Tunisia
TNMBA,TN,Tunisia
TNRAD,TN,Tunisia
TNSFA,TN,Tunisia
TNSUS,TN,Tunisia
TNTUN,TN,Tunisia
TNZRZ,TN,Tunisia
TONEI,TO,Tonga
TOTBU,TO,Tonga
TR998,TR,Turkey
TR999,TR,Turkey
TRALA,TR,Turkey
TRALI,TR,Turkey
TRAYT,TR,Turkey
TRBDM,TR,Turkey
TRBSP,TR,Turkey
TRCES,TR,Turkey
TRCKZ,TR,Turkey
TRDIK,TR,Turkey
TRDIL,TR,Turkey
TRDRC,TR,Turkey
TRECE,TR,Turkey
TRELI,TR,Turkey
TRERK,TR,Turkey
TREYP,TR,Turkey
TRGEB,TR,Turkey
TRGEL,TR,Turkey
TRGEM,TR,Turkey
TRGIR,TR,Turkey
TRGOK,TR,Turkey
TRHAY,TR,Turkey
TRISK,TR,Turkey
TRIST,TR,Turkey
TRIZM,TR,Turkey
TRIZT,TR,Turkey
TRKMX,TR,Turkey
TRLAP,TR,Turkey
TRLMA,TR,Turkey
TRMAD,TR,Turkey
TRMER,TR,Turkey
TRMPT,TR,Turkey
TRMRA,TR,Turkey
TRMRM,TR,Turkey
TRNEM,TR,Turkey
TRPAM,TR,Turkey
TRPEN,TR,Turkey
TRRIZ,TR,Turkey
TRSIC,TR,Turkey
TRSRL,TR,Turkey
TRSSX,TR,Turkey
TRTAS,TR,Turkey
TRTEK,TR,Turkey
TRTUZ,TR,Turkey
TRTZX,TR,Turkey
TRYAL,TR,Turkey
TRYAR,TR,Turkey
TRYPO,TR,Turkey
TRZEY,TR,Turkey
TRZON,TR,Turkey
TTPOS,TT,Trinidad & Tobago
TTPTS,TT,Trinidad & Tobago
TTSCR,TT,Trinidad & Tobago
TVFUN,TV,Tuvalu
TWHUN,TW,Taiwan
TWKEL,TW,Taiwan
TWKHH,TW,Taiwan
TWMFK,TW,Taiwan
TWMLI,TW,Taiwan
TWMZG,TW,Taiwan
TWTPE,TW,Taiwan
TWTXG,TW,Taiwan
TZDAR,TZ,Tanzania
TZMYW,TZ,Tanzania
TZTGT,TZ,Tanzania
TZZNZ,TZ,Tanzania
UAILK,UA,Ukraine
UAIZM,UA,Ukraine
UAKEH,UA,Ukraine
UAKHE,UA,Ukraine
UAMPW,UA,Ukraine
UAODS,UA,Ukraine
UARNI,UA,Ukraine
UASKD,UA,Ukraine
UASVP,UA,Ukraine
UAUDY,UA,Ukraine
UAYUZ,UA,Ukraine
UAZKA,UA,Ukraine
UMJON,UM,United States Minor Outlying Islands
USAAM,US,United States
USACL,US,United States
USADQ,US,United States
USALB,US,United States
USANC,US,United States
USAOU,US,United States
USAST,US,United States
USBAL,US,United States
USBAY,US,United States
USBCK,US,United States
USBDB,US,United States
USBET,US,United States
USBFU,US,United States
USBHB,US,United States
USBID,US,United States
USBII,US,United States
USBJX,US,United States
USBNB,US,United States
USBOS,US,United States
USBPT,US,United States
USBRO,US,United States
USBTR,US,United States
USCAT,US,United States
USCAV,US,United States
USCBL,US,United States
USCBT,US,United States
USCD7,US,United States
USCGA,US,United States
USCGE,US,United States
USCHI,US,United States
USCHS,US,United States
USCOB,US,United States
USCRP,US,United States
USDET,US,United States
USDLH,US,United States
USDUT,US,United States
USEAR,US,United States
USENA,US,United States
USEOW,US,United States
USEPI,US,United States
USEVT,US,United States
USFAV,US,United States
USFEB,US,United States
USFEP,US,United States
USFLL,US,United States
USFPR,US,United States
USG2C,US,United States
USGFP,US,United States
USGHC,US,United States
USGLC,US,United States
USGLS,US,United States
USHKA,US,United States
USHNL,US,United States Hawaii
USHNS,US,United States
USHVN,US,United States
USHWI,US,United States
USIJX,US,United States
USILG,US,United States
USILM,US,United States
USITO,US,United States
USJLG,US,United States
USJNU,US,United States
USKAE,US,United States
USKAM,US,United States
USKG8,US,United States
USKLW,US,United States
USKND,US,United States
USKS4,US,United States
USKSU,US,United States
USKTN,US,United States
USKUA,US,United States
USKWH,US,United States
USLAX,US,United States
USLCH,US,United States
USLDM,US,United States
USLGB,US,United States
USLUT,US,United States
USMIA,US,United States
USMKE,US,United States
USMKI,US,United States
USMOB,US,United States
USMRH,US,United States
USMRW,US,United States
USMSY,US,United States
USMTM,US,United States
USMTW,US,United States
USNED,US,United States
USNFF,US,United States
USNGZ,US,United States
USNIJ,US,United States Hawaii
USNNS,US,United States
USNTD,US,United States
USNYC,US,United States
USOGG,US,United States Hawaii
USOHX,US,United States
USOLM,US,United States
USOME,US,United States
USOTS,US,United States
USOTZ,US,United States
USOYY,US,United States
USPAE,US,United States
USPB8,US,United States
USPBI,US,United States
USPCV,US,United States
USPDP,US,United States
USPDX,US,United States
USPEF,US,United States
USPFN,US,United States
USPGL,US,United States
USPME,US,United States
USPMH,US,United States
USPNS,US,United States
USPOA,US,United States
USPOB,US,United States
USPPS,US,United States
USPSC,US,United States
USPV5,US,United States
USPWM,US,United States
USPWT,US,United States
USRCH,US,United States
USRIC,US,United States
USRSN,US,United States
USSAC,US,United States
USSAN,US,United States
USSAV,US,United States
USSCC,US,United States
USSCK,US,United States
USSDW,US,United States
USSEA,US,United States
USSFO,US,United States
USSGY,US,United States
USSIT,US,United States
USSPQ,US,United States
USTDO,US,United States
USTGU,US,United States
USTIW,US,United States
USTPA,US,United States
USTWD,US,United States
USUAA,US,United States
USUMA,US,United States
USVAN,US,United States
USVCT,US,United States
USVDZ,US,United States
USWHR,US,United States
USWRG,US,United States
USYAK,US,United States
USYVI,US,United States
UYCYR,UY,Uruguay
UYMVD,UY,Uruguay
UYPDP,UY,Uruguay
UYPDU,UY,Uruguay
UYPTP,UY,Uruguay
UZTER,UZ,Uzbekistan
VCCPR,VC,St Vincent
VCKTN,VC,St Vincent
VEEGU,VE,Venezuela
VEETV,VE,Venezuela
VEGUB,VE,Venezuela
VEGUI,VE,Venezuela
VEGUT,VE,Venezuela
VEIDM,VE,Venezuela
VELAG,VE,Venezuela
VELSV,VE,Venezuela
VEMAR,VE,Venezuela
VEMTV,VE,Venezuela
VEPBL,VE,Venezuela
VEPCZ,VE,Venezuela
VEPLA,VE,Venezuela
VEPPD,VE,Venezuela
VEPSU,VE,Venezuela
VEPZO,VE,Venezuela
VGRAD,VG,British Virgin Islands
VGVIJ,VG,British Virgin Islands
VICHA,VI,US Virgin Islands
VICTD,VI,US Virgin Islands
VIFRD,VI,US Virgin Islands
VILIB,VI,US Virgin Islands
VISJN,VI,US Virgin Islands
VNC8Q,VN,Vietnam
VNCLN,VN,Vietnam
VNDAD,VN,Vietnam
VNHPH,VN,Vietnam
VNHPP,VN,Vietnam
VNKYQ,VN,Vietnam
VNNGH,VN,Vietnam
VNNHA,VN,Vietnam
VNPHG,VN,Vietnam
VNPHU,VN,Vietnam
VNSGN,VN,Vietnam
VNSPC,VN,Vietnam
VNTCG,VN,Vietnam
VNUIH,VN,Vietnam
VNVPH,VN,Vietnam
VNVUT,VN,Vietnam
VUSAN,VU,Vanuatu
VUVLI,VU,Vanuatu
WFFUT,WF,Wallis & Futuna
WSAPW,WS,Samoa
YEADE,YE,Yemen
YEHOD,YE,Yemen
YEMKX,YE,Yemen
YEMOK,YE,Yemen
YTDZA,YT,Mayotte
YTLON,YT,Mayotte
ZACPT,ZA,South Africa
ZADUR,ZA,South Africa
ZAELS,ZA,South Africa
ZAJNB,ZA,South Africa
ZAPLZ,ZA,South Africa
ZARCB,ZA,South Africa
ZASDB,ZA,South Africa
ZAZBA,ZA,South Africa
ZWHRE,ZW,Zimbabwe
NGLKK,NG,Nigeria
NOARD,NO,Norway
BRSLZ,BR,Brazil
